keyword,page,listing_type,asin,title,price,rating,reviews,product_url,seller_name,seller_email,seller_phone,seller_country,seller_type,total_products,suggested_service,seller_page_url,scraped_at
hemp oil,1,Organic,B0FYNNX64C,"Natural Oil Rich in Omega 3-6-9 and Vitamin C & E, Vegan, GMO Free, 60ml","PKR 5,834.48",4.3,9724027,https://www.amazon.de/dp/B0FYNNX64C,LKJTES,LanKaijie7618@outlook.com,+8617637526535,CN,Privately-owned business,,A+ Content,https://www.amazon.de/-/en/gp/help/seller/at-a-glance.html/ref=dp_merchant_link?ie=UTF8&seller=A358YI4Y2UCYE4&asin=B0FYNNX64C&ref_=dp_merchant_link&isAmazonFulfilled=1,2026-05-19 16:14
hemp oil,1,Organic,B09CCL39DV,Hemp Oil Drops 60 ml - 2000 mg Pure Hemp Seed Oil - Vegan Hemp Seed Oil Cold Pressed - Hemp Oil - Gluten Free - From WeightWorld,"PKR 8,104.71",4.2,13507845,https://www.amazon.de/dp/B09CCL39DV,Comfort Click,master@shytobuy.com,+447973624989,GB,Privately-owned business,167,PPC,https://www.amazon.de/-/en/gp/help/seller/at-a-glance.html/ref=dp_merchant_link?ie=UTF8&seller=AE7C3LYRWNWKP&asin=B09CCL39DV&ref_=dp_merchant_link&isAmazonFulfilled=1,2026-05-19 16:15
hemp oil,1,Organic,B072HMGLWL,"Kräuterland Organic Hemp Oil 2 x 250 ml (500 ml), Cold-Pressed Hemp Seed Oil, Natural without Additives, Vegan & GMO Free, Suitable for Skin and Hair, Premium Quality","PKR 4,832.34",4.7,966468,https://www.amazon.de/dp/B072HMGLWL,Kräuterland Natur-Ölmühle GmbH,amazon@kraeuterland.de,+4930577131020,IT,Privately-owned business,102,PPC,https://www.amazon.de/-/en/gp/help/seller/at-a-glance.html/ref=dp_merchant_link?ie=UTF8&seller=A37VV1BX730QNR&asin=B072HMGLWL&ref_=dp_merchant_link&isAmazonFulfilled=1,2026-05-19 16:15
hemp oil,1,Organic,B09HKMPDWR,Naturfriend® Premium Hemp Oil High Dose Hemp Seed Oil Hemp Drops Omega 3-6-9 Oil Fatty Acids Hemp Drops with Terpenes Flavonoids - Made in Germany - 10 ml,"PKR 5,497.19",4.2,54971901,https://www.amazon.de/dp/B09HKMPDWR,MARKEN-SHOP,ahaljan@googlemail.com,+49 1573 9219166,,,23,A+ Content,https://www.amazon.de/-/en/gp/help/seller/at-a-glance.html/ref=dp_merchant_link?ie=UTF8&seller=A1D2FG0G5F82SE&asin=B09HKMPDWR&ref_=dp_merchant_link&isAmazonFulfilled=1,2026-05-19 16:15
hemp oil,1,Organic,B071NLCMHL,"Kräuterland Organic Hemp Oil Bio Certified 1 Litre 4 x 100 ml Cold Pressed 100% Natural and Pure, Purely Native, Ground Direct by Manufacturer Kräuterland Premium Quality","PKR 8,075.52",4.7,807552,https://www.amazon.de/dp/B071NLCMHL,Kräuterland Natur-Ölmühle GmbH,amazon@kraeuterland.de,+4930577131020,IT,Privately-owned business,102,PPC,https://www.amazon.de/-/en/gp/help/seller/at-a-glance.html/ref=dp_merchant_link?ie=UTF8&seller=A37VV1BX730QNR&asin=B071NLCMHL&ref_=dp_merchant_link&isAmazonFulfilled=1,2026-05-19 16:15
hemp oil,1,Organic,B0GRBCBMP9,Hemp Oil Drops - Premium Hemp Seed Oil High Dose (30 mg per Daily Dose) with Omega 3-6-9 Profile - Hemp Seed Oil for Conscious Lifestyle - 30 ml - ELEVORO,"PKR 7,280.94",5.0,24269689,https://www.amazon.de/dp/B0GRBCBMP9,cannapine,cannapineamazon@gmail.com,+4915755183806,,,2,A+ Content,https://www.amazon.de/-/en/gp/help/seller/at-a-glance.html/ref=dp_merchant_link?ie=UTF8&seller=A1OY4DVKNGJZW2&asin=B0GRBCBMP9&ref_=dp_merchant_link&isAmazonFulfilled=1,2026-05-19 16:16
hemp oil,1,Organic,B07TYY1QJ3,"Hemp Oil Vegan Softgels - 1000 mg Cold Pressed Hemp Seed Oil - Rich in Omega3, 6 & 9 - With Alpha Linolenic Acid, Linoleic Acid & Oleic Acid - 1 Soft Capsule Daily - 6 Months Supply - Hemp Seed Oil - WeightWorld","PKR 5,348.00",4.4,2919,https://www.amazon.de/dp/B07TYY1QJ3,Comfort Click,master@shytobuy.com,+447973624989,GB,Privately-owned business,167,PPC,https://www.amazon.de/-/en/gp/help/seller/at-a-glance.html/ref=dp_merchant_link?ie=UTF8&seller=AE7C3LYRWNWKP&asin=B07TYY1QJ3&ref_=dp_merchant_link&isAmazonFulfilled=1,2026-05-19 16:16
hemp oil,1,Organic,B09TBJGCWS,"Animigo Pure Hemp Oil for Dogs - 60 ml Cold Pressed Hemp Seed Oil with Omega 3, 6 & 9 - Free from Additives - Hemp Seed Oil for Animals - For All Sizes and Breeds","PKR 4,958.82",4.0,8264596,https://www.amazon.de/dp/B09TBJGCWS,Comfort Click,master@shytobuy.com,+447973624989,GB,Privately-owned business,167,PPC,https://www.amazon.de/-/en/gp/help/seller/at-a-glance.html/ref=dp_merchant_link?ie=UTF8&seller=AE7C3LYRWNWKP&asin=B09TBJGCWS&ref_=dp_merchant_link&isAmazonFulfilled=1,2026-05-19 16:16
hemp oil,1,Organic,B07H7QKR43,"Organic skin oil, 100 ml, cold pressed, 100 % natural, for face and body care, massage oil, against wrinkles, dry skin and anti-ageing.","PKR 3,859.38",4.4,3859384,https://www.amazon.de/dp/B07H7QKR43,Kräuterland Natur-Ölmühle GmbH,amazon@kraeuterland.de,+4930577131020,IT,Privately-owned business,102,PPC,https://www.amazon.de/-/en/gp/help/seller/at-a-glance.html/ref=dp_merchant_link?ie=UTF8&seller=A37VV1BX730QNR&asin=B07H7QKR43&ref_=dp_merchant_link,2026-05-19 16:17
hemp oil,1,Organic,B082H53W4P,Hemp Protein DE,"PKR 3,239.94",4.4,1295975,https://www.amazon.de/dp/B082H53W4P,IWO - Commerce,ilja.amazon@gmail.com,+4915777024065,DE,Privately-owned business,13,A+ Content,https://www.amazon.de/-/en/gp/help/seller/at-a-glance.html/ref=dp_merchant_link?ie=UTF8&seller=A28YZ7P8R849EN&asin=B082H53W4P&ref_=dp_merchant_link&isAmazonFulfilled=1,2026-05-19 16:17
hemp oil,1,Organic,B0FH7LJPXG,Hemp Oil Drops - Hemp Seed Oil High Dose (30 mg per Drop) with Omega-3-6-9 - Natural Plant Power - Made in Small Batches - 10 ml - CANNAPINE,"PKR 5,140.44",4.2,51404403,https://www.amazon.de/dp/B0FH7LJPXG,cannapine,cannapineamazon@gmail.com,+4915755183806,,,2,A+ Content,https://www.amazon.de/-/en/gp/help/seller/at-a-glance.html/ref=dp_merchant_link?ie=UTF8&seller=A1OY4DVKNGJZW2&asin=B0FH7LJPXG&ref_=dp_merchant_link&isAmazonFulfilled=1,2026-05-19 16:17
hemp oil,1,Organic,B07WDQMBYQ,Hemp Oil in Softgel Capsules | High Dose with 1000 mg Hemp Seed Oil per Capsule | By Active Swiss | Cold Pressed for 210 Days / 7 Months,"PKR 6,145.83",4.3,2919,https://www.amazon.de/dp/B07WDQMBYQ,Tradeus Shop,tradeusou@gmail.com,+49 1522 6157805,,Privately-owned business,52,PPC,https://www.amazon.de/-/en/gp/help/seller/at-a-glance.html/ref=dp_merchant_link?ie=UTF8&seller=A1F3C564T0T9D2&asin=B07WDQMBYQ&ref_=dp_merchant_link&isAmazonFulfilled=1,2026-05-19 16:17
hemp oil,1,Organic,B01MRE8LDL,"Kräuterland Organic Hemp Oil 250 ml, Cold-Pressed Hemp Seed Oil, Natural without Additives, Vegan & GMO Free, Suitable for Skin and Hair, Premium Quality","PKR 3,859.38",4.7,1543754,https://www.amazon.de/dp/B01MRE8LDL,Kräuterland Natur-Ölmühle GmbH,amazon@kraeuterland.de,+4930577131020,IT,Privately-owned business,102,PPC,https://www.amazon.de/-/en/gp/help/seller/at-a-glance.html/ref=dp_merchant_link?ie=UTF8&seller=A37VV1BX730QNR&asin=B01MRE8LDL&ref_=dp_merchant_link&isAmazonFulfilled=1,2026-05-19 16:18
hemp oil,1,Organic,B07CNMRMJM,Organic Hemp Oil 1000 ml I Native and Cold Pressed I No Additives I Contains Polyunsaturated Fatty Acids I bioKontor,"PKR 9,064.69",4.7,906469,https://www.amazon.de/dp/B07CNMRMJM,bioKontor,philip.meyer@biokontor.de,+49 5151 9969700,DE,Privately-owned business,187,PPC,https://www.amazon.de/-/en/gp/help/seller/at-a-glance.html/ref=dp_merchant_link?ie=UTF8&seller=A3G140TH33DKCN&asin=B07CNMRMJM&ref_=dp_merchant_link&isAmazonFulfilled=1,2026-05-19 16:18
hemp oil,1,Organic,B08FCGNG69,"Hemp Seed Oil Cold Pressed - 180 High Dose Capsules - 1000 mg Hemp Oil Omega 3-6-9 | 100% Natural & Strong, Hemp Seed Oil, Made in the EU & Laboratory Tested","PKR 6,483.12",4.4,2572815,https://www.amazon.de/dp/B08FCGNG69,PL|Concepts,info@vinenco.com,+436643548713,SE,Privately-owned business,68,PPC,https://www.amazon.de/-/en/gp/help/seller/at-a-glance.html/ref=dp_merchant_link?ie=UTF8&seller=A7NF13LAEPJEC&asin=B08FCGNG69&ref_=dp_merchant_link&isAmazonFulfilled=1,2026-05-19 16:18
hemp oil,1,Organic,B004RPC97G,"Naissance Organic Cold Pressed Virgin Hemp Seed Oil (no. 206) 250ml – Certified Organic, Vegan, Unrefined. Rich in Omega 3, 6 and 9","PKR 4,861.53",4.5,2160607,https://www.amazon.de/dp/B004RPC97G,naissance ®,jem.skelding@faith.uk.com,+447977342342,GB,Privately-owned business,177,PPC,https://www.amazon.de/-/en/gp/help/seller/at-a-glance.html/ref=dp_merchant_link?ie=UTF8&seller=A1KJ9EZ0A471HB&asin=B004RPC97G&ref_=dp_merchant_link&isAmazonFulfilled=1,2026-05-19 16:18
hemp oil,1,Organic,B0D8JKWJ67,Selective Professional Hemp Elixir 50 ml,"PKR 6,158.80",4.7,12317598,https://www.amazon.de/dp/B0D8JKWJ67,TruCosmetic,truswagclothes@gmail.com,+48575360451,,,168,PPC,https://www.amazon.de/-/en/gp/help/seller/at-a-glance.html/ref=dp_merchant_link?ie=UTF8&seller=A2ZTL9T548GHIE&asin=B0D8JKWJ67&ref_=dp_merchant_link,2026-05-19 16:19
hemp oil,1,Organic,B08VSJV7G3,"Hemp seed oil with omega 3-6-9 fatty acids, real cannabis sativa hemp oil, 750 drops, cold pressed, 30 ml, from German hemp cultivation","PKR 8,091.73",4.2,26972555,https://www.amazon.de/dp/B08VSJV7G3,EXVital,email@exvital.de,+49 421 408898510,DE,Privately-owned business,83,PPC,https://www.amazon.de/-/en/gp/help/seller/at-a-glance.html/ref=dp_merchant_link?ie=UTF8&seller=A2HRXTINYKCWC8&asin=B08VSJV7G3&ref_=dp_merchant_link&isAmazonFulfilled=1,2026-05-19 16:19
hemp oil,1,Organic,B004RGO6UI,Naissance Hemp Seed Oil Native Cold Pressed 500 ml 100% Pure,"PKR 5,185.84",4.6,1152302,https://www.amazon.de/dp/B004RGO6UI,naissance ®,jem.skelding@faith.uk.com,+447977342342,GB,Privately-owned business,177,PPC,https://www.amazon.de/-/en/gp/help/seller/at-a-glance.html/ref=dp_merchant_link?ie=UTF8&seller=A1KJ9EZ0A471HB&asin=B004RGO6UI&ref_=dp_merchant_link&isAmazonFulfilled=1,2026-05-19 16:19
hemp oil,1,Organic,B07BK653MC,"Canah Natural Hemp Seed Oil 3 Litre - Cold Pressed, Raw, Vegan, Rich in Omega-3 Omega-6 Fatty Acids, Contributes to Normal Blood Cholesterol Levels, Contains Vitamin E Kosher Certified","PKR 10,670.06",4.6,355777,https://www.amazon.de/dp/B07BK653MC,Canah,tina.hemplove@gmail.com,+40722279843,RO,Privately-owned business,11,A+ Content,https://www.amazon.de/-/en/gp/help/seller/at-a-glance.html/ref=dp_merchant_link?ie=UTF8&seller=A14G7U01BUAJRT&asin=B07BK653MC&ref_=dp_merchant_link&isAmazonFulfilled=1,2026-05-19 16:20
hemp oil,1,Organic,B0BGMM64RN,Sala Hemp Oil Hemp Seed Oil Cold Pressed Native Organic 1 L 1000 ml Glass Bottle,"PKR 6,158.80",4.7,615880,https://www.amazon.de/dp/B0BGMM64RN,Salandia,ama-sal@web.de,+4917661705673,CA,Privately-owned business,631,PPC,https://www.amazon.de/-/en/gp/help/seller/at-a-glance.html/ref=dp_merchant_link?ie=UTF8&seller=A2SOGQGR4243GU&asin=B0BGMM64RN&ref_=dp_merchant_link&isAmazonFulfilled=1,2026-05-19 16:20
hemp oil,1,Organic,B0CJ5MSJYT,Hemp Oil Drops - High Dose with Omega 3-6-9 (30 ml) - 100% Hemp Seed Oil Virgin and Cold Pressed - 30 mg Vegan Omega 3 per Drop - Laboratory Tested & Natural,"PKR 11,347.89",4.1,37826181,https://www.amazon.de/dp/B0CJ5MSJYT,MEDIAKOS,info@mediakos.de,+4915227254655,IT,Privately-owned business,41,A+ Content,https://www.amazon.de/-/en/gp/help/seller/at-a-glance.html/ref=dp_merchant_link?ie=UTF8&seller=AGMZXFMU8S3AR&asin=B0CJ5MSJYT&ref_=dp_merchant_link,2026-05-19 16:20
hemp oil,1,Organic,B01MQPU17R,"Canah Natural Hemp Seed Oil 500 Mililitres Organic - Cold Pressed, Raw, Vegan, Rich in Omega-3 Omega-6 Fatty Acids, Contributes to Normal Blood Cholesterol Levels, Kosher Certified","PKR 5,318.82",4.6,1063763,https://www.amazon.de/dp/B01MQPU17R,Canah,tina.hemplove@gmail.com,+40722279843,RO,Privately-owned business,11,A+ Content,https://www.amazon.de/-/en/gp/help/seller/at-a-glance.html/ref=dp_merchant_link?ie=UTF8&seller=A14G7U01BUAJRT&asin=B01MQPU17R&ref_=dp_merchant_link&isAmazonFulfilled=1,2026-05-19 16:20
hemp oil,1,Organic,B0FL7XLQKZ,NATURE EFFECT - Premium Hemp Oil 30 ml - Hemp Seed Oil High Dose with Omega 3-6-9 Oil Fatty Acids - Made in Germany - 750 Drops in Brown Glass False Including Pipette,"PKR 6,453.93",4.1,21512986,https://www.amazon.de/dp/B0FL7XLQKZ,KGL HealthTech,support@kgl-healthtech.com,+31647674754,CN,Privately-owned business,8,A+ Content,https://www.amazon.de/-/en/gp/help/seller/at-a-glance.html/ref=dp_merchant_link?ie=UTF8&seller=A2NY5935961ONH&asin=B0FL7XLQKZ&ref_=dp_merchant_link&isAmazonFulfilled=1,2026-05-19 16:21
hemp oil,1,Organic,B0F2GM4RLY,"Hemp Oil for Dogs & Cats. (700 Drops) Cold Pressed, Pure Hemp Seed Oil with Omega 3, 6 & 9 - For Relaxation and Joints - Hemp Seed Oil for Animals","PKR 4,199.92",4.0,13999835,https://www.amazon.de/dp/B0F2GM4RLY,✅ Lomandoya,alexlopez@lomandoya.com,+34615303623,ES,Privately-owned business,12,A+ Content,https://www.amazon.de/-/en/gp/help/seller/at-a-glance.html/ref=dp_merchant_link?ie=UTF8&seller=A2M1O0SU881ND4&asin=B0F2GM4RLY&ref_=dp_merchant_link&isAmazonFulfilled=1,2026-05-19 16:21
hemp oil,1,Organic,B087WGVVWW,Hanföl Kapseln Kaltgepresst | Pflanzliches Omega 3 6 9 | Vegan Hanfsamenöl Kapseln 210 - 2/3 Monate | Hochdosiert Hanföl | VitaBright Hemp Oil,"PKR 5,510.16",4.3,2595,https://www.amazon.de/dp/B087WGVVWW,VitaBright,dex@vitabright.co.uk,+447540991600,GB,Privately-owned business,17,A+ Content,https://www.amazon.de/-/en/gp/help/seller/at-a-glance.html/ref=dp_merchant_link?ie=UTF8&seller=A1RPJFG9TYV7Z6&asin=B087WGVVWW&ref_=dp_merchant_link&isAmazonFulfilled=1,2026-05-19 16:21
hemp oil,1,Organic,B0F331JQZ3,Vital-Med High Dose Hemp Oil with 30 ml (750 Drops) and 25 mg per Drop - Premium Vital Hemp Seed Oil - 100% Natural - Hemp Drops with Omega 3-6-9 (Natural),"PKR 12,291.65",4.3,40972066,https://www.amazon.de/dp/B0F331JQZ3,uss-handel,kontakt@usshandel.com,+31625362179,AT,Privately-owned business,21,A+ Content,https://www.amazon.de/-/en/gp/help/seller/at-a-glance.html/ref=dp_merchant_link?ie=UTF8&seller=A2SBISZ0PP1H5M&asin=B0F331JQZ3&ref_=dp_merchant_link&isAmazonFulfilled=1,2026-05-19 16:21
hemp oil,1,Organic,B004WCX5FE,Seitenbacher Organic Hemp Oil I First Pressing I Cold Pressed I Native I (1 x 250 ml),"PKR 3,077.78",4.4,1231111,https://www.amazon.de/dp/B004WCX5FE,Visit the Seitenbacher Store,,,,,,A+ Content,,2026-05-19 16:22
hemp oil,1,Organic,B07V8JZD4H,"GreatVita Organic Hemp Oil, 100% Pure & Cold Pressed, 500 ml Hemp Seed Oil, High Percentage of Omega 3 & 6 Fatty Acids","PKR 4,212.89",4.6,842578,https://www.amazon.de/dp/B07V8JZD4H,mituso,info@mituso.de,+49 4771 6865920,DE,Privately-owned business,420,PPC,https://www.amazon.de/-/en/gp/help/seller/at-a-glance.html/ref=dp_merchant_link?ie=UTF8&seller=A3SWWZQWSIEIXJ&asin=B07V8JZD4H&ref_=dp_merchant_link,2026-05-19 16:22
hemp oil,1,Organic,B07SW5PF7H,"Organic hemp seed oil for dogs and cats in sustainable 500 ml, 50 ml or 30 ml glass bottle, cold pressed from controlled organic cultivation, with practical doser, DE-ÖKO-060","PKR 4,183.70",4.3,8367404,https://www.amazon.de/dp/B07SW5PF7H,Wolfsbacher,hallo@wolfsbacher.de,+49 176 80533332,DE,Privately-owned business,46,A+ Content,https://www.amazon.de/-/en/gp/help/seller/at-a-glance.html/ref=dp_merchant_link?ie=UTF8&seller=AE9129GLZASVB&asin=B07SW5PF7H&ref_=dp_merchant_link&isAmazonFulfilled=1,2026-05-19 16:22
hemp oil,1,Organic,B07WJSF792,EXVital Hemp Oil Capsules - High Dose & Cold Pressed | 365 Capsules (Annual Stock) | 1000mg per Capsule | Laboratory Tested | Vegetable Omega 3.6 + 9 - Hemp Seed Oil | Made in Germany,"PKR 6,470.14",4.3,1266137,https://www.amazon.de/dp/B07WJSF792,EXVital,email@exvital.de,+49 421 408898510,DE,Privately-owned business,83,PPC,https://www.amazon.de/-/en/gp/help/seller/at-a-glance.html/ref=dp_merchant_link?ie=UTF8&seller=A2HRXTINYKCWC8&asin=B07WJSF792&ref_=dp_merchant_link&isAmazonFulfilled=1,2026-05-19 16:22
hemp oil,1,Organic,B01N3BNFSK,Sanus Natura Organic Hemp Oil 1000 ml Glass Bottle,"PKR 6,129.61",4.6,612961,https://www.amazon.de/dp/B01N3BNFSK,Sanus Natura GmbH,info@sanusnatura.de,+49 231 98627148,IT,Privately-owned business,46,A+ Content,https://www.amazon.de/-/en/gp/help/seller/at-a-glance.html/ref=dp_merchant_link?ie=UTF8&seller=A32CD4I31X1R04&asin=B01N3BNFSK&ref_=dp_merchant_link,2026-05-19 16:23
hemp oil,1,Organic,B01M07A7MR,Wohltuer Hemp Oil Cold Pressed 500 ml from Controlled Organic Cultivation (Austria),"PKR 6,882.03",4.5,1376406,https://www.amazon.de/dp/B01M07A7MR,HotHeat,info@suryalogics.com,+49 9561 8532950,IT,Privately-owned business,195,PPC,https://www.amazon.de/-/en/gp/help/seller/at-a-glance.html/ref=dp_merchant_link?ie=UTF8&seller=A3DLH17EA6147A&asin=B01M07A7MR&ref_=dp_merchant_link&isAmazonFulfilled=1,2026-05-19 16:23
hemp oil,1,Organic,B0813X5NC4,"1 Litre Hemp Seed Oil for Animals, Hemp Seed Oil for Dogs and Cats, Barf Oil Dog, Fish Oil for Dogs, Natural Product","PKR 5,208.55",4.6,520855,https://www.amazon.de/dp/B0813X5NC4,SHF Handelsgesellschaft,shfhandelsgesellschaft@gmail.com,+491736090335,IT,Privately-owned business,48,A+ Content,https://www.amazon.de/-/en/gp/help/seller/at-a-glance.html/ref=dp_merchant_link?ie=UTF8&seller=ALKU8GQ4G1CGR&asin=B0813X5NC4&ref_=dp_merchant_link&isAmazonFulfilled=1,2026-05-19 16:23
hemp oil,1,Organic,B00UN0RZ7S,Seitenbacher Organic Hemp Oil I First Pressing I Cold Pressed I Native I (1 x 100 ml),"PKR 1,456.19",4.0,1456188,https://www.amazon.de/dp/B00UN0RZ7S,Visit the Seitenbacher Store,,,,,,A+ Content,,2026-05-19 16:23
hemp oil,1,Organic,B0G1MVSF6D,Premium Hemp Oil 30% | Cold Pressed & Vegan | Pure Natural Oil Without Additives | Laboratory Tested Quality Level | EU Production,"PKR 6,453.93",3.4,64539282,https://www.amazon.de/dp/B0G1MVSF6D,Laboratorios CLS,info@cannabislightspain.com,+34 620 38 87 22,ES,Privately-owned business,,Amazon SEO,https://www.amazon.de/-/en/gp/help/seller/at-a-glance.html/ref=dp_merchant_link?ie=UTF8&seller=AK0MOO7TP68K4&asin=B0G1MVSF6D&ref_=dp_merchant_link&isAmazonFulfilled=1,2026-05-19 16:24
hemp oil,1,Organic,B09CL9WKMX,Hemp Oil Capsules - Organic Hemp Seed Oil Cold Pressed in Vegan Capsules - 2880 mg per Day - High Dose - Vegetable Source for Omega 3-6-9 - Alternative to Drops,"PKR 5,480.97",4.4,4540,https://www.amazon.de/dp/B09CL9WKMX,MyFairtrade,service@fairtrade.ag,+41415118550,CH,Privately-owned business,115,PPC,https://www.amazon.de/-/en/gp/help/seller/at-a-glance.html/ref=dp_merchant_link?ie=UTF8&seller=ATAIROFZYVIEZ&asin=B09CL9WKMX&ref_=dp_merchant_link&isAmazonFulfilled=1,2026-05-19 16:24
hemp oil,1,Organic,B0GS6L2SRV,Organic Hemp Oil High Dose 200 mg Daily Dose - Premium Hemp Seed Oil Cold Pressed Natural Cannabis Oil High Dose from Organic Hemp Seeds 100% Pure Hemp Oil Rich in Omega 3 & 6 Vegan & No Additive,"PKR 4,832.34",3.7,48323382,https://www.amazon.de/dp/B0GS6L2SRV,BOTANIX,hadamik-daniel@web.de,+4917631563772,DE,Privately-owned business,15,Amazon SEO,https://www.amazon.de/-/en/gp/help/seller/at-a-glance.html/ref=dp_merchant_link?ie=UTF8&seller=A15EJZ22P0FEF5&asin=B0GS6L2SRV&ref_=dp_merchant_link,2026-05-19 16:24
hemp oil,1,Organic,B084RQ4SFX,Hemp Oil Organic Cold Pressed and Pure - 250 ml. Hemp High Percentage of Omega 3 6 9 Fatty Acids. Hemp Seed Oil for Cooking Face or Dressing. Organic Hemp Seed Oil,"PKR 4,537.21",4.5,1814884,https://www.amazon.de/dp/B084RQ4SFX,CiboCrudo Bio,cibocrudo@neulabs.com,+390294752350,IT,Privately-owned business,68,PPC,https://www.amazon.de/-/en/gp/help/seller/at-a-glance.html/ref=dp_merchant_link?ie=UTF8&seller=ATN2K7ITJGSK6&asin=B084RQ4SFX&ref_=dp_merchant_link&isAmazonFulfilled=1,2026-05-19 16:25
hemp oil,1,Organic,B0GFFMHHYS,"P-Beauty Bioactive Hemp Seed Oil 30 ml - 3000 mg, Cold Pressed - Vegan Hemp Seed Oil 100% Vegetable & Natural - Natural Oil - High-Quality Hemp Oil in Light-Protected Glass Bottle (3 x 30 ml)","PKR 9,077.66",,10086290,https://www.amazon.de/dp/B0GFFMHHYS,p-beauty,marketplace@pbeauty.de,+491759461222,,,406,PPC,https://www.amazon.de/-/en/gp/help/seller/at-a-glance.html/ref=dp_merchant_link?ie=UTF8&seller=A3HZKLLFFDQTW2&asin=B0GFFMHHYS&ref_=dp_merchant_link,2026-05-19 16:25
hemp oil,1,Organic,B0BVRQZSW2,SANUUS Organic Hemp Oil Cold Pressed 2 x 500 ml (1000 ml) - Pure from Naturland Hemp Seeds Unpeeled Organic - Premium Hemp Oil Organic from Germany for Roasting and Cooking - Rich in Omega 3-6-9 Fatty,"PKR 6,278.80",4.5,627880,https://www.amazon.de/dp/B0BVRQZSW2,ARTE FIORI,sales@arte-fiori.de,+4915151108725,DE,Privately-owned business,28,A+ Content,https://www.amazon.de/-/en/gp/help/seller/at-a-glance.html/ref=dp_merchant_link?ie=UTF8&seller=A2V4VJXX5EE3JJ&asin=B0BVRQZSW2&ref_=dp_merchant_link,2026-05-19 16:25
hemp oil,1,Organic,B004RGPX28,"Naissance Cold Pressed Virgin Hemp Seed Oil (no. 206) 250ml - Pure & Natural, Cold Pressed, Vegan and Unrefined - Rich in essential fatty acids and vitamin E","PKR 4,212.89",4.3,1872288,https://www.amazon.de/dp/B004RGPX28,naissance ®,jem.skelding@faith.uk.com,+447977342342,GB,Privately-owned business,177,PPC,https://www.amazon.de/-/en/gp/help/seller/at-a-glance.html/ref=dp_merchant_link?ie=UTF8&seller=A1KJ9EZ0A471HB&asin=B004RGPX28&ref_=dp_merchant_link&isAmazonFulfilled=1,2026-05-19 16:25
hemp oil,1,Organic,B09KTWXWFF,"5kind Extra Starke Hanfcreme 100ml - Hochkonzentriertes Hanföl und Arnika-Creme - zur Massage von Gelenken & Muskeln, unterem Rücken, Knien, Nacken & Schultern - Reich an natürlichen Extrakten","PKR 5,510.16",4.5,5510163,https://www.amazon.de/dp/B09KTWXWFF,5kind,sales@5-kind.com,+447967440752,GB,Privately-owned business,11,A+ Content,https://www.amazon.de/-/en/gp/help/seller/at-a-glance.html/ref=dp_merchant_link?ie=UTF8&seller=A1ZY9OMFXDK4AZ&asin=B09KTWXWFF&ref_=dp_merchant_link&isAmazonFulfilled=1,2026-05-19 16:26
hemp oil,1,Organic,B0DVPYCVDQ,"Zenia 30% Premium Hemp Oil High Dose Hemp Seed Oil Hemp Drops Omega 3-6-9 - Anti-Stress, Ideal for Relaxation, Calming Anxiety and Managing Sleep","PKR 5,915.56",4.2,59155603,https://www.amazon.de/dp/B0DVPYCVDQ,Zenia Relax,amazon@epdistribution.it,+393245815037,IT,Privately-owned business,3,A+ Content,https://www.amazon.de/-/en/gp/help/seller/at-a-glance.html/ref=dp_merchant_link?ie=UTF8&seller=AOQ0QF5RE3AOS&asin=B0DVPYCVDQ&ref_=dp_merchant_link&isAmazonFulfilled=1,2026-05-19 16:26
hemp oil,1,Organic,B01J7Z6H3M,"Naturzade Black Cumin Oil 1000 ml Unfiltered Glass Bottle (2 x 500 ml), High Thymoquinone Content, Cold Pressed & Naturally Pure without Additives, Direct from the Manufacturer","PKR 7,426.88",4.7,742688,https://www.amazon.de/dp/B01J7Z6H3M,Sanus Natura GmbH,info@sanusnatura.de,+49 231 98627148,IT,Privately-owned business,46,A+ Content,https://www.amazon.de/-/en/gp/help/seller/at-a-glance.html/ref=dp_merchant_link?ie=UTF8&seller=A32CD4I31X1R04&asin=B01J7Z6H3M&ref_=dp_merchant_link,2026-05-19 16:26
hemp oil,1,Organic,B07SV3HG91,"Organic Hemp Oil for Dogs and Cats from Controlled Organic Cultivation, Natural Skin and Fur Care for Pets, DE-ÖKO-060, 100 ml Dropper Bottle","PKR 4,832.34",4.3,4832338,https://www.amazon.de/dp/B07SV3HG91,Wolfsbacher,hallo@wolfsbacher.de,+49 176 80533332,DE,Privately-owned business,46,A+ Content,https://www.amazon.de/-/en/gp/help/seller/at-a-glance.html/ref=dp_merchant_link?ie=UTF8&seller=AE9129GLZASVB&asin=B07SV3HG91&ref_=dp_merchant_link&isAmazonFulfilled=1,2026-05-19 16:27
hemp oil,1,Organic,B004U5PU38,"Naissance Organic Cold Pressed Virgin Hemp Seed Oil (no. 206) 100ml – Certified Organic, Vegan, Unrefined. Rich in Omega 3, 6 and 9","PKR 3,239.94",4.3,3239937,https://www.amazon.de/dp/B004U5PU38,naissance ®,jem.skelding@faith.uk.com,+447977342342,GB,Privately-owned business,177,PPC,https://www.amazon.de/-/en/gp/help/seller/at-a-glance.html/ref=dp_merchant_link?ie=UTF8&seller=A1KJ9EZ0A471HB&asin=B004U5PU38&ref_=dp_merchant_link&isAmazonFulfilled=1,2026-05-19 16:27
hemp oil,1,Organic,B06Y17W4WN,250 ml 100% Natural Cold Pressed Cannabis Oil,"PKR 6,470.14",4.3,2588058,https://www.amazon.de/dp/B06Y17W4WN,EnergiaVital GmbH,info@energiavital.de,+49 800 5205520,DE,Privately-owned business,115,PPC,https://www.amazon.de/-/en/gp/help/seller/at-a-glance.html/ref=dp_merchant_link?ie=UTF8&seller=A33K5QNNXI547Q&asin=B06Y17W4WN&ref_=dp_merchant_link,2026-05-19 16:27
